{
 "model": "poly",
 "degree": 3,
 "mm_to_px": [
  [
   1635.9339685690777,
   0.2622185003209842,
   0.002651076191944575,
   -1.4294540348624984e-07,
   11.370340165281219,
   -0.0021500162318548333,
   -2.6030934082182933e-05,
   -0.0005599998337459393,
   3.0807035554525353e-07,
   1.581962576546747e-06
  ],
  [
   165.66287891304324,
   11.802632138813017,
   0.0009271720540908537,
   -1.937945510732675e-06,
   -0.10313664153041405,
   -4.865126361609101e-05,
   -5.987114537475691e-08,
   0.0004166216583042885,
   1.930256603444036e-07,
   -8.907264610336085e-07
  ]
 ],
 "px_to_mm": [
  [
   -142.61894511026713,
   0.0018105846672168027,
   -6.336576597903607e-06,
   -7.612977956372724e-12,
   0.08514205779928578,
   -8.528855739803674e-07,
   2.2882890354705004e-09,
   1.3327406118061532e-06,
   1.8076129677281616e-11,
   -1.5439213210850788e-10
  ],
  [
   -16.416504823582976,
   0.08467436656678307,
   -6.504945423240645e-07,
   9.57884327412728e-11,
   0.0022999858676032285,
   1.9888182971630438e-07,
   2.0943143053120394e-11,
   -6.305372612265988e-07,
   -3.848278640194991e-11,
   6.683203990220932e-11
  ]
 ],
 "H_mm_to_px": [
  [
   10.473027015008617,
   0.7135037379568108,
   1708.362503838627
  ],
  [
   -0.1468982480169497,
   12.697067869885643,
   133.06090483655566
  ],
  [
   -4.857082847774825e-05,
   0.00024044850229464944,
   1.0
  ]
 ],
 "source_size": [
  5572,
  4429
 ],
 "dpi": 300.0,
 "fit_bounds_mm": [
  4.0,
  4.0,
  194.0,
  274.0
 ],
 "fit_bounds_px": [
  1687.8079207920791,
  199.89875666074602,
  3827.499111900533,
  3425.4358353510897
 ],
 "n_points": 560,
 "residual_mm_mean": 0.21158794929301306,
 "residual_mm_max": 0.5417460854695019,
 "homography_residual_mm_mean": 2.762173075380795,
 "source": "cal-raw.bin"
}